frame,x,y,body_part
0.0,296.0,198.0,neck
0.0,253.0,200.0,dx_shoulder
0.0,240.0,278.0,dx_elbow
0.0,239.0,351.0,dx_hand
0.0,348.0,196.0,sx_shoulder
0.0,357.0,275.0,sx_elbow
0.0,362.0,348.0,sx_hand
1.0,296.0,200.0,neck
1.0,254.0,202.0,dx_shoulder
1.0,241.0,285.0,dx_elbow
1.0,238.0,354.0,dx_hand
1.0,347.0,198.0,sx_shoulder
1.0,359.0,282.0,sx_elbow
1.0,364.0,348.0,sx_hand
2.0,296.0,200.0,neck
2.0,254.0,202.0,dx_shoulder
2.0,241.0,285.0,dx_elbow
2.0,239.0,356.0,dx_hand
2.0,349.0,198.0,sx_shoulder
2.0,359.0,282.0,sx_elbow
2.0,366.0,348.0,sx_hand
3.0,298.0,200.0,neck
3.0,254.0,202.0,dx_shoulder
3.0,241.0,285.0,dx_elbow
3.0,240.0,354.0,dx_hand
3.0,349.0,198.0,sx_shoulder
3.0,361.0,282.0,sx_elbow
3.0,369.0,348.0,sx_hand
4.0,298.0,200.0,neck
4.0,254.0,202.0,dx_shoulder
4.0,241.0,287.0,dx_elbow
4.0,239.0,356.0,dx_hand
4.0,349.0,198.0,sx_shoulder
4.0,361.0,284.0,sx_elbow
4.0,367.0,350.0,sx_hand
5.0,298.0,200.0,neck
5.0,254.0,202.0,dx_shoulder
5.0,241.0,287.0,dx_elbow
5.0,240.0,354.0,dx_hand
5.0,349.0,198.0,sx_shoulder
5.0,361.0,284.0,sx_elbow
5.0,369.0,348.0,sx_hand
6.0,298.0,200.0,neck
6.0,254.0,202.0,dx_shoulder
6.0,241.0,285.0,dx_elbow
6.0,240.0,354.0,dx_hand
6.0,349.0,198.0,sx_shoulder
6.0,361.0,284.0,sx_elbow
6.0,369.0,348.0,sx_hand
7.0,296.0,200.0,neck
7.0,254.0,202.0,dx_shoulder
7.0,241.0,287.0,dx_elbow
7.0,240.0,354.0,dx_hand
7.0,349.0,198.0,sx_shoulder
7.0,361.0,284.0,sx_elbow
7.0,367.0,350.0,sx_hand
8.0,296.0,200.0,neck
8.0,254.0,202.0,dx_shoulder
8.0,241.0,285.0,dx_elbow
8.0,241.0,354.0,dx_hand
8.0,349.0,198.0,sx_shoulder
8.0,361.0,282.0,sx_elbow
8.0,366.0,348.0,sx_hand
9.0,298.0,200.0,neck
9.0,253.0,200.0,dx_shoulder
9.0,242.0,283.0,dx_elbow
9.0,241.0,354.0,dx_hand
9.0,349.0,198.0,sx_shoulder
9.0,361.0,279.0,sx_elbow
9.0,366.0,348.0,sx_hand
10.0,296.0,200.0,neck
10.0,253.0,200.0,dx_shoulder
10.0,241.0,285.0,dx_elbow
10.0,240.0,354.0,dx_hand
10.0,347.0,198.0,sx_shoulder
10.0,356.0,282.0,sx_elbow
10.0,362.0,348.0,sx_hand
11.0,296.0,200.0,neck
11.0,251.0,203.0,dx_shoulder
11.0,241.0,285.0,dx_elbow
11.0,239.0,354.0,dx_hand
11.0,347.0,198.0,sx_shoulder
11.0,355.0,284.0,sx_elbow
11.0,359.0,351.0,sx_hand
12.0,296.0,200.0,neck
12.0,254.0,202.0,dx_shoulder
12.0,241.0,287.0,dx_elbow
12.0,240.0,354.0,dx_hand
12.0,347.0,198.0,sx_shoulder
12.0,355.0,284.0,sx_elbow
12.0,359.0,351.0,sx_hand
13.0,296.0,200.0,neck
13.0,254.0,202.0,dx_shoulder
13.0,241.0,285.0,dx_elbow
13.0,240.0,354.0,dx_hand
13.0,347.0,198.0,sx_shoulder
13.0,356.0,284.0,sx_elbow
13.0,359.0,351.0,sx_hand
14.0,296.0,200.0,neck
14.0,254.0,202.0,dx_shoulder
14.0,241.0,285.0,dx_elbow
14.0,240.0,354.0,dx_hand
14.0,347.0,198.0,sx_shoulder
14.0,356.0,284.0,sx_elbow
14.0,359.0,353.0,sx_hand
15.0,296.0,200.0,neck
15.0,251.0,203.0,dx_shoulder
15.0,241.0,285.0,dx_elbow
15.0,240.0,354.0,dx_hand
15.0,347.0,198.0,sx_shoulder
15.0,355.0,287.0,sx_elbow
15.0,359.0,351.0,sx_hand
16.0,294.0,198.0,neck
16.0,251.0,200.0,dx_shoulder
16.0,240.0,283.0,dx_elbow
16.0,240.0,354.0,dx_hand
16.0,347.0,198.0,sx_shoulder
16.0,355.0,284.0,sx_elbow
16.0,359.0,351.0,sx_hand
17.0,297.0,199.0,neck
17.0,253.5,201.0,dx_shoulder
17.0,241.5,284.0,dx_elbow
17.0,240.5,354.0,dx_hand
17.0,348.0,199.0,sx_shoulder
17.0,356.0,278.0,sx_elbow
17.0,364.0,348.0,sx_hand
18.0,297.0,200.5,neck
18.0,253.5,201.0,dx_shoulder
18.0,241.5,285.0,dx_elbow
18.0,241.0,354.0,dx_hand
18.0,349.0,199.0,sx_shoulder
18.0,356.0,278.0,sx_elbow
18.0,363.5,340.5,sx_hand
19.0,297.0,200.5,neck
19.0,253.5,201.0,dx_shoulder
19.0,241.0,285.0,dx_elbow
19.0,239.0,351.0,dx_hand
19.0,348.0,198.0,sx_shoulder
19.0,355.5,277.0,sx_elbow
19.0,363.0,344.5,sx_hand
20.0,297.0,200.5,neck
20.0,253.5,201.0,dx_shoulder
20.0,240.5,283.5,dx_elbow
20.0,237.0,354.0,dx_hand
20.0,348.0,199.0,sx_shoulder
20.0,355.0,278.0,sx_elbow
20.0,362.0,346.5,sx_hand
21.0,294.5,202.5,neck
21.0,251.5,203.75,dx_shoulder
21.0,240.25,285.75,dx_elbow
21.0,231.5,354.0,dx_hand
21.0,345.0,199.75,sx_shoulder
21.0,354.5,277.25,sx_elbow
21.0,362.0,348.5,sx_hand
22.0,293.6,203.0,neck
22.0,249.0,203.8,dx_shoulder
22.0,239.6,285.4,dx_elbow
22.0,226.2,355.4,dx_hand
22.0,341.2,200.2,sx_shoulder
22.0,353.4,277.6,sx_elbow
22.0,361.6,349.6,sx_hand
23.0,293.2,202.2,neck
23.0,249.0,203.8,dx_shoulder
23.0,236.0,282.2,dx_elbow
23.0,221.8,353.8,dx_hand
23.0,340.4,199.2,sx_shoulder
23.0,355.8,278.0,sx_elbow
23.0,369.0,351.4,sx_hand
24.0,294.2,201.4,neck
24.0,249.2,203.2,dx_shoulder
24.0,230.8,280.6,dx_elbow
24.0,207.0,350.8,dx_hand
24.0,341.2,199.2,sx_shoulder
24.0,359.8,278.0,sx_elbow
24.0,381.4,350.0,sx_hand
25.0,294.2,201.8,neck
25.0,250.4,202.8,dx_shoulder
25.0,220.6,275.2,dx_elbow
25.0,191.2,341.6,dx_hand
25.0,341.2,199.2,sx_shoulder
25.0,370.2,274.2,sx_elbow
25.0,398.8,340.4,sx_hand
26.0,293.8,201.6,neck
26.0,248.8,202.6,dx_shoulder
26.0,209.8,269.2,dx_elbow
26.0,171.2,331.0,dx_hand
26.0,340.0,199.8,sx_shoulder
26.0,380.6,270.2,sx_elbow
26.0,418.6,333.8,sx_hand
27.0,293.4,201.0,neck
27.0,248.8,202.6,dx_shoulder
27.0,199.0,265.6,dx_elbow
27.0,150.4,323.8,dx_hand
27.0,340.0,198.8,sx_shoulder
27.0,388.2,260.2,sx_elbow
27.0,437.6,320.8,sx_hand
28.0,294.4,199.0,neck
28.0,251.0,200.0,dx_shoulder
28.0,182.6,237.2,dx_elbow
28.0,116.4,271.8,dx_hand
28.0,341.4,196.2,sx_shoulder
28.0,404.8,227.4,sx_elbow
28.0,478.4,262.8,sx_hand
29.0,295.4,198.2,neck
29.0,251.6,199.2,dx_shoulder
29.0,181.0,225.6,dx_elbow
29.0,109.6,250.2,dx_hand
29.0,340.8,196.4,sx_shoulder
29.0,411.4,217.2,sx_elbow
29.0,490.4,242.6,sx_hand
30.0,295.0,197.6,neck
30.0,251.0,199.0,dx_shoulder
30.0,174.4,212.6,dx_elbow
30.0,101.6,225.2,dx_hand
30.0,339.6,195.0,sx_shoulder
30.0,413.6,203.0,sx_elbow
30.0,496.4,215.6,sx_hand
31.0,295.4,196.6,neck
31.0,250.2,198.2,dx_shoulder
31.0,171.6,201.4,dx_elbow
31.0,97.4,207.8,dx_hand
31.0,340.2,194.6,sx_shoulder
31.0,420.4,195.6,sx_elbow
31.0,500.2,197.6,sx_hand
32.0,297.0,194.25,neck
32.0,253.25,195.25,dx_shoulder
32.0,169.25,194.25,dx_elbow
32.0,93.5,196.75,dx_hand
32.0,341.5,192.75,sx_shoulder
32.0,422.0,189.0,sx_elbow
32.0,507.25,188.0,sx_hand
33.0,295.6,194.8,neck
33.0,251.4,196.2,dx_shoulder
33.0,166.0,188.2,dx_elbow
33.0,95.0,184.2,dx_hand
33.0,341.2,192.2,sx_shoulder
33.0,425.0,181.8,sx_elbow
33.0,501.2,172.0,sx_hand
34.0,295.75,190.25,neck
34.0,251.25,191.0,dx_shoulder
34.0,164.75,184.75,dx_elbow
34.0,96.5,171.25,dx_hand
34.0,338.75,187.5,sx_shoulder
34.0,425.25,175.0,sx_elbow
34.0,502.0,166.0,sx_hand
35.0,297.0,188.33333333333334,neck
35.0,252.33333333333334,189.66666666666666,dx_shoulder
35.0,164.66666666666666,180.0,dx_elbow
35.0,100.33333333333333,169.0,dx_hand
35.0,342.0,187.33333333333334,sx_shoulder
35.0,426.3333333333333,174.0,sx_elbow
35.0,500.6666666666667,163.33333333333334,sx_hand
36.0,297.6666666666667,188.33333333333334,neck
36.0,253.33333333333334,189.66666666666666,dx_shoulder
36.0,164.33333333333334,180.0,dx_elbow
36.0,99.0,169.0,dx_hand
36.0,342.0,187.0,sx_shoulder
36.0,426.3333333333333,174.33333333333334,sx_elbow
36.0,500.0,162.66666666666666,sx_hand
37.0,296.5,191.0,neck
37.0,252.75,192.5,dx_shoulder
37.0,165.5,183.5,dx_elbow
37.0,98.75,171.25,dx_hand
37.0,340.25,189.5,sx_shoulder
37.0,424.75,176.0,sx_elbow
37.0,500.25,165.5,sx_hand
38.0,297.25,193.25,neck
38.0,253.25,194.25,dx_shoulder
38.0,168.75,186.0,dx_elbow
38.0,98.75,176.5,dx_hand
38.0,340.25,191.25,sx_shoulder
38.0,424.0,178.75,sx_elbow
38.0,500.25,169.25,sx_hand
39.0,299.0,193.0,neck
39.0,254.66666666666666,194.33333333333334,dx_shoulder
39.0,173.0,187.0,dx_elbow
39.0,100.33333333333333,187.33333333333334,dx_hand
39.0,342.3333333333333,190.33333333333334,sx_shoulder
39.0,424.6666666666667,182.33333333333334,sx_elbow
39.0,501.0,172.33333333333334,sx_hand
40.0,300.0,193.0,neck
40.0,254.66666666666666,194.33333333333334,dx_shoulder
40.0,181.66666666666666,189.0,dx_elbow
40.0,102.33333333333333,188.0,dx_hand
40.0,343.6666666666667,192.33333333333334,sx_shoulder
40.0,424.3333333333333,184.66666666666666,sx_elbow
40.0,500.6666666666667,178.0,sx_hand
41.0,298.3333333333333,196.33333333333334,neck
41.0,252.66666666666666,197.66666666666666,dx_shoulder
41.0,166.66666666666666,190.33333333333334,dx_elbow
41.0,94.66666666666667,185.0,dx_hand
41.0,341.6666666666667,194.33333333333334,sx_shoulder
41.0,423.3333333333333,185.66666666666666,sx_elbow
41.0,501.6666666666667,182.0,sx_hand
42.0,298.0,193.75,neck
42.0,253.75,194.75,dx_shoulder
42.0,175.75,188.5,dx_elbow
42.0,96.75,184.5,dx_hand
42.0,342.0,192.25,sx_shoulder
42.0,424.5,182.75,sx_elbow
42.0,501.25,176.5,sx_hand
43.0,300.3333333333333,193.66666666666666,neck
43.0,255.33333333333334,194.33333333333334,dx_shoulder
43.0,190.0,191.0,dx_elbow
43.0,98.0,183.0,dx_hand
43.0,345.3333333333333,192.66666666666666,sx_shoulder
43.0,424.3333333333333,182.33333333333334,sx_elbow
43.0,500.3333333333333,176.0,sx_hand
44.0,298.25,194.25,neck
44.0,254.25,195.25,dx_shoulder
44.0,175.75,185.25,dx_elbow
44.0,96.25,174.25,dx_hand
44.0,343.75,193.25,sx_shoulder
44.0,424.0,177.5,sx_elbow
44.0,501.0,165.5,sx_hand
45.0,300.0,191.66666666666666,neck
45.0,257.0,192.0,dx_shoulder
45.0,179.66666666666666,183.66666666666666,dx_elbow
45.0,99.66666666666667,167.66666666666666,dx_hand
45.0,346.3333333333333,192.66666666666666,sx_shoulder
45.0,428.0,173.33333333333334,sx_elbow
45.0,506.0,157.66666666666666,sx_hand
46.0,297.5,194.5,neck
46.0,253.75,194.5,dx_shoulder
46.0,171.25,176.0,dx_elbow
46.0,100.75,156.75,dx_hand
46.0,342.75,192.75,sx_shoulder
46.0,425.5,168.25,sx_elbow
46.0,500.0,149.0,sx_hand
47.0,297.75,190.75,neck
47.0,253.0,190.25,dx_shoulder
47.0,169.75,166.5,dx_elbow
47.0,102.0,147.5,dx_hand
47.0,343.25,189.75,sx_shoulder
47.0,424.75,160.0,sx_elbow
47.0,498.25,134.0,sx_hand
48.0,296.6,190.8,neck
48.0,253.6,191.4,dx_shoulder
48.0,180.6,162.4,dx_elbow
48.0,105.8,133.4,dx_hand
48.0,343.8,189.2,sx_shoulder
48.0,419.4,153.6,sx_elbow
48.0,491.2,121.2,sx_hand
49.0,296.6,190.8,neck
49.0,253.0,190.0,dx_shoulder
49.0,181.2,151.6,dx_elbow
49.0,113.4,117.6,dx_hand
49.0,342.8,188.4,sx_shoulder
49.0,417.4,144.0,sx_elbow
49.0,482.0,104.6,sx_hand
50.0,296.8,190.2,neck
50.0,253.0,188.8,dx_shoulder
50.0,187.4,146.4,dx_elbow
50.0,121.4,103.6,dx_hand
50.0,342.4,188.2,sx_shoulder
50.0,414.4,136.4,sx_elbow
50.0,474.6,88.2,sx_hand
51.0,296.25,190.25,neck
51.0,254.25,190.75,dx_shoulder
51.0,185.25,135.75,dx_elbow
51.0,130.5,92.0,dx_hand
51.0,337.5,189.0,sx_shoulder
51.0,406.5,130.25,sx_elbow
51.0,461.25,77.75,sx_hand
52.0,296.2,189.0,neck
52.0,255.2,190.0,dx_shoulder
52.0,190.6,128.8,dx_elbow
52.0,135.8,78.8,dx_hand
52.0,339.0,186.4,sx_shoulder
52.0,402.6,119.6,sx_elbow
52.0,452.4,66.4,sx_hand
53.0,297.0,187.8,neck
53.0,256.2,189.4,dx_shoulder
53.0,200.4,126.0,dx_elbow
53.0,150.8,69.8,dx_hand
53.0,338.2,185.4,sx_shoulder
53.0,393.8,116.8,sx_elbow
53.0,439.4,52.6,sx_hand
54.0,297.6,189.0,neck
54.0,257.4,190.8,dx_shoulder
54.0,208.8,123.4,dx_elbow
54.0,164.6,58.0,dx_hand
54.0,338.8,186.0,sx_shoulder
54.0,389.0,109.6,sx_elbow
54.0,423.2,42.2,sx_hand
55.0,296.8,188.4,neck
55.0,257.0,190.8,dx_shoulder
55.0,214.4,119.2,dx_elbow
55.0,177.2,49.4,dx_hand
55.0,338.4,185.4,sx_shoulder
55.0,378.8,105.6,sx_elbow
55.0,408.0,39.0,sx_hand
56.0,296.6,189.4,neck
56.0,256.0,192.2,dx_shoulder
56.0,220.2,112.6,dx_elbow
56.0,191.8,44.0,dx_hand
56.0,338.8,186.2,sx_shoulder
56.0,372.6,103.2,sx_elbow
56.0,392.6,27.4,sx_hand
57.0,295.8,191.2,neck
57.0,255.4,194.6,dx_shoulder
57.0,228.4,109.2,dx_elbow
57.0,204.2,34.8,dx_hand
57.0,338.4,189.4,sx_shoulder
57.0,364.0,101.4,sx_elbow
57.0,379.2,24.6,sx_hand
58.0,296.2,194.8,neck
58.0,255.6,196.4,dx_shoulder
58.0,232.6,107.8,dx_elbow
58.0,217.8,31.2,dx_hand
58.0,338.6,193.6,sx_shoulder
58.0,354.4,99.8,sx_elbow
58.0,365.0,25.4,sx_hand
59.0,296.5,194.0,neck
59.0,254.5,195.0,dx_shoulder
59.0,240.75,106.25,dx_elbow
59.0,234.0,22.25,dx_hand
59.0,338.75,193.0,sx_shoulder
59.0,350.0,97.5,sx_elbow
59.0,352.0,24.0,sx_hand
60.0,296.2,196.2,neck
60.0,254.2,196.4,dx_shoulder
60.0,241.0,104.2,dx_elbow
60.0,244.0,29.0,dx_hand
60.0,338.0,194.4,sx_shoulder
60.0,339.6,98.4,sx_elbow
60.0,338.8,25.2,sx_hand
61.0,298.3333333333333,196.66666666666666,neck
61.0,257.6666666666667,197.33333333333334,dx_shoulder
61.0,250.33333333333334,100.66666666666667,dx_elbow
61.0,254.0,16.666666666666668,dx_hand
61.0,340.6666666666667,194.66666666666666,sx_shoulder
61.0,339.6666666666667,95.0,sx_elbow
61.0,332.0,21.666666666666668,sx_hand
62.0,298.0,194.66666666666666,neck
62.0,257.3333333333333,196.66666666666666,dx_shoulder
62.0,254.33333333333334,102.66666666666667,dx_elbow
62.0,264.3333333333333,28.0,dx_hand
62.0,342.0,192.66666666666666,sx_shoulder
62.0,339.0,93.66666666666667,sx_elbow
62.0,328.3333333333333,23.666666666666668,sx_hand
63.0,301.0,197.5,neck
63.0,260.5,199.5,dx_shoulder
63.0,259.5,101.0,dx_elbow
63.0,276.0,22.0,dx_hand
63.0,341.0,196.0,sx_shoulder
63.0,335.5,95.0,sx_elbow
63.0,318.0,26.0,sx_hand
64.0,310.0,197.0,neck
64.0,268.0,199.0,dx_shoulder
64.0,268.0,102.0,dx_elbow
64.0,280.0,24.0,dx_hand
64.0,350.0,196.0,sx_shoulder
64.0,344.0,93.0,sx_elbow
64.0,324.0,27.0,sx_hand
65.0,302.0,195.0,neck
65.0,262.0,197.0,dx_shoulder
65.0,258.5,100.0,dx_elbow
65.0,267.0,26.0,dx_hand
65.0,344.5,195.0,sx_shoulder
65.0,343.5,89.0,sx_elbow
65.0,327.0,20.5,sx_hand
66.0,302.0,194.0,neck
66.0,261.5,197.0,dx_shoulder
66.0,259.5,98.5,dx_elbow
66.0,271.0,19.5,dx_hand
66.0,344.5,193.5,sx_shoulder
66.0,341.0,90.5,sx_elbow
66.0,322.0,21.0,sx_hand
67.0,301.0,197.5,neck
67.0,260.5,199.5,dx_shoulder
67.0,260.5,99.5,dx_elbow
67.0,284.0,26.5,dx_hand
67.0,341.0,196.0,sx_shoulder
67.0,335.0,95.0,sx_elbow
67.0,313.0,27.5,sx_hand
68.0,310.0,197.0,neck
68.0,270.0,199.0,dx_shoulder
68.0,273.0,102.0,dx_elbow
68.0,292.0,28.0,dx_hand
68.0,350.0,198.0,sx_shoulder
68.0,343.0,96.0,sx_elbow
68.0,322.0,31.0,sx_hand
69.0,310.0,200.0,neck
69.0,270.0,199.0,dx_shoulder
69.0,271.0,102.0,dx_elbow
69.0,295.0,28.0,dx_hand
69.0,350.0,198.0,sx_shoulder
69.0,341.0,96.0,sx_elbow
69.0,321.0,29.0,sx_hand
70.0,310.0,200.0,neck
70.0,270.0,199.0,dx_shoulder
70.0,271.0,102.0,dx_elbow
70.0,292.0,28.0,dx_hand
70.0,349.0,198.0,sx_shoulder
70.0,341.0,96.0,sx_elbow
70.0,322.0,32.0,sx_hand
71.0,302.0,194.0,neck
71.0,261.5,196.0,dx_shoulder
71.0,259.5,99.5,dx_elbow
71.0,276.0,26.5,dx_hand
71.0,342.5,193.5,sx_shoulder
71.0,336.0,92.0,sx_elbow
71.0,323.0,26.5,sx_hand
72.0,301.5,195.0,neck
72.0,261.5,197.0,dx_shoulder
72.0,259.5,99.5,dx_elbow
72.0,278.5,27.5,dx_hand
72.0,342.0,193.5,sx_shoulder
72.0,336.0,92.5,sx_elbow
72.0,320.0,27.5,sx_hand
73.0,301.5,196.5,neck
73.0,261.5,198.5,dx_shoulder
73.0,260.5,97.5,dx_elbow
73.0,278.5,24.0,dx_hand
73.0,342.0,196.0,sx_shoulder
73.0,336.0,92.0,sx_elbow
73.0,319.0,28.5,sx_hand
74.0,300.5,197.0,neck
74.0,259.5,198.5,dx_shoulder
74.0,259.5,99.5,dx_elbow
74.0,278.5,26.5,dx_hand
74.0,341.5,195.0,sx_shoulder
74.0,335.5,93.0,sx_elbow
74.0,316.5,27.5,sx_hand
75.0,296.5,198.25,neck
75.0,256.5,199.25,dx_shoulder
75.0,251.25,101.5,dx_elbow
75.0,267.5,26.0,dx_hand
75.0,337.5,196.75,sx_shoulder
75.0,334.0,96.5,sx_elbow
75.0,316.0,28.5,sx_hand
76.0,298.3333333333333,198.66666666666666,neck
76.0,257.6666666666667,199.66666666666666,dx_shoulder
76.0,256.0,100.0,dx_elbow
76.0,279.0,25.0,dx_hand
76.0,337.6666666666667,197.0,sx_shoulder
76.0,332.6666666666667,95.0,sx_elbow
76.0,310.0,27.666666666666668,sx_hand
77.0,297.25,197.25,neck
77.0,257.25,198.5,dx_shoulder
77.0,252.5,100.5,dx_elbow
77.0,265.75,24.25,dx_hand
77.0,337.5,196.75,sx_shoulder
77.0,332.25,95.75,sx_elbow
77.0,314.75,26.75,sx_hand
78.0,295.2,195.6,neck
78.0,254.2,196.6,dx_shoulder
78.0,245.6,101.8,dx_elbow
78.0,257.2,27.2,dx_hand
78.0,336.2,195.8,sx_shoulder
78.0,332.8,96.8,sx_elbow
78.0,318.8,26.8,sx_hand
79.0,295.2,191.8,neck
79.0,255.0,192.6,dx_shoulder
79.0,235.4,102.8,dx_elbow
79.0,239.2,28.0,dx_hand
79.0,336.2,191.8,sx_shoulder
79.0,342.2,96.4,sx_elbow
79.0,334.6,22.2,sx_hand
80.0,296.0,190.75,neck
80.0,256.0,191.5,dx_shoulder
80.0,235.25,104.5,dx_elbow
80.0,225.0,29.5,dx_hand
80.0,336.5,191.25,sx_shoulder
80.0,348.25,96.25,sx_elbow
80.0,345.0,22.75,sx_hand
81.0,295.6,192.8,neck
81.0,254.2,193.8,dx_shoulder
81.0,231.2,105.8,dx_elbow
81.0,216.4,32.0,dx_hand
81.0,337.2,192.2,sx_shoulder
81.0,354.8,98.4,sx_elbow
81.0,360.6,24.8,sx_hand
82.0,294.8,187.4,neck
82.0,254.0,192.0,dx_shoulder
82.0,223.6,107.2,dx_elbow
82.0,202.2,35.0,dx_hand
82.0,337.6,184.4,sx_shoulder
82.0,364.2,99.8,sx_elbow
82.0,377.0,25.0,sx_hand
83.0,294.4,185.0,neck
83.0,253.0,187.8,dx_shoulder
83.0,217.0,109.2,dx_elbow
83.0,185.6,39.0,dx_hand
83.0,336.6,182.8,sx_shoulder
83.0,371.8,101.8,sx_elbow
83.0,392.8,26.8,sx_hand
84.0,294.4,184.6,neck
84.0,254.4,188.2,dx_shoulder
84.0,208.2,114.2,dx_elbow
84.0,172.2,44.4,dx_hand
84.0,335.4,181.4,sx_shoulder
84.0,379.6,102.8,sx_elbow
84.0,409.6,34.0,sx_hand
85.0,294.0,184.6,neck
85.0,253.4,188.0,dx_shoulder
85.0,199.8,120.2,dx_elbow
85.0,158.6,58.4,dx_hand
85.0,334.6,181.4,sx_shoulder
85.0,387.4,108.2,sx_elbow
85.0,427.2,40.6,sx_hand
86.0,293.4,184.6,neck
86.0,253.0,187.0,dx_shoulder
86.0,192.6,126.4,dx_elbow
86.0,148.8,78.0,dx_hand
86.0,336.2,182.0,sx_shoulder
86.0,395.0,115.6,sx_elbow
86.0,442.6,52.4,sx_hand
87.0,294.4,185.0,neck
87.0,252.4,186.8,dx_shoulder
87.0,192.2,138.4,dx_elbow
87.0,126.6,80.6,dx_hand
87.0,337.0,183.2,sx_shoulder
87.0,404.4,119.6,sx_elbow
87.0,460.8,59.6,sx_hand
88.0,296.0,188.0,neck
88.0,254.0,189.25,dx_shoulder
88.0,196.25,151.0,dx_elbow
88.0,118.75,105.75,dx_hand
88.0,337.75,185.25,sx_shoulder
88.0,411.0,131.25,sx_elbow
88.0,474.5,78.5,sx_hand
89.0,295.0,190.0,neck
89.0,252.8,190.8,dx_shoulder
89.0,189.8,158.2,dx_elbow
89.0,112.8,122.0,dx_hand
89.0,337.2,186.0,sx_shoulder
89.0,417.2,137.6,sx_elbow
89.0,485.6,91.6,sx_hand
90.0,294.8,191.8,neck
90.0,251.8,193.0,dx_shoulder
90.0,186.6,167.4,dx_elbow
90.0,104.4,141.6,dx_hand
90.0,338.2,188.2,sx_shoulder
90.0,416.0,149.8,sx_elbow
90.0,492.0,115.2,sx_hand
91.0,296.5,196.25,neck
91.0,254.5,197.5,dx_shoulder
91.0,186.25,180.25,dx_elbow
91.0,100.0,162.5,dx_hand
91.0,339.5,194.25,sx_shoulder
91.0,422.25,161.5,sx_elbow
91.0,505.0,137.25,sx_hand
92.0,297.0,192.33333333333334,neck
92.0,254.66666666666666,193.66666666666666,dx_shoulder
92.0,179.66666666666666,183.66666666666666,dx_elbow
92.0,95.66666666666667,170.33333333333334,dx_hand
92.0,339.3333333333333,190.66666666666666,sx_shoulder
92.0,426.0,166.33333333333334,sx_elbow
92.0,508.3333333333333,151.66666666666666,sx_hand
93.0,307.0,195.0,neck
93.0,261.0,197.0,dx_shoulder
93.0,180.0,203.0,dx_elbow
93.0,103.0,212.0,dx_hand
93.0,350.0,193.0,sx_shoulder
93.0,432.0,187.0,sx_elbow
93.0,504.0,188.0,sx_hand
94.0,308.0,198.0,neck
94.0,258.0,200.0,dx_shoulder
94.0,180.0,206.0,dx_elbow
94.0,106.0,225.0,dx_hand
94.0,348.0,196.0,sx_shoulder
94.0,426.0,194.0,sx_elbow
94.0,512.0,206.0,sx_hand
95.0,308.0,198.0,neck
95.0,261.0,200.0,dx_shoulder
95.0,185.0,208.0,dx_elbow
95.0,107.0,230.0,dx_hand
95.0,348.0,196.0,sx_shoulder
95.0,428.0,203.0,sx_elbow
95.0,507.0,214.0,sx_hand
96.0,308.0,198.0,neck
96.0,258.0,200.0,dx_shoulder
96.0,180.0,208.0,dx_elbow
96.0,104.0,227.0,dx_hand
96.0,350.0,196.0,sx_shoulder
96.0,426.0,205.0,sx_elbow
96.0,505.0,218.0,sx_hand
97.0,305.0,198.0,neck
97.0,258.0,200.0,dx_shoulder
97.0,180.0,206.0,dx_elbow
97.0,104.0,218.0,dx_hand
97.0,348.0,196.0,sx_shoulder
97.0,426.0,203.0,sx_elbow
97.0,507.0,214.0,sx_hand
98.0,308.0,198.0,neck
98.0,256.0,198.0,dx_shoulder
98.0,180.0,203.0,dx_elbow
98.0,106.0,209.0,dx_hand
98.0,350.0,196.0,sx_shoulder
98.0,426.0,197.0,sx_elbow
98.0,505.0,209.0,sx_hand
99.0,308.0,198.0,neck
99.0,256.0,198.0,dx_shoulder
99.0,178.0,204.0,dx_elbow
99.0,103.0,207.0,dx_hand
99.0,350.0,196.0,sx_shoulder
99.0,428.0,194.0,sx_elbow
99.0,507.0,206.0,sx_hand
100.0,300.0,195.0,neck
100.0,256.0,198.0,dx_shoulder
100.0,176.0,196.0,dx_elbow
100.0,103.0,195.0,dx_hand
100.0,346.0,193.0,sx_shoulder
100.0,428.0,194.0,sx_elbow
100.0,504.0,193.0,sx_hand
101.0,300.0,195.0,neck
101.0,256.0,198.0,dx_shoulder
101.0,171.0,192.0,dx_elbow
101.0,100.0,190.0,dx_hand
101.0,347.0,193.0,sx_shoulder
101.0,428.0,192.0,sx_elbow
101.0,501.0,189.0,sx_hand
102.0,303.0,195.0,neck
102.0,256.0,198.0,dx_shoulder
102.0,164.0,192.0,dx_elbow
102.0,100.0,190.0,dx_hand
102.0,348.0,193.0,sx_shoulder
102.0,428.0,190.0,sx_elbow
102.0,503.0,184.0,sx_hand
103.0,305.0,195.0,neck
103.0,256.0,198.0,dx_shoulder
103.0,171.0,192.0,dx_elbow
103.0,100.0,190.0,dx_hand
103.0,348.0,193.0,sx_shoulder
103.0,428.0,190.0,sx_elbow
103.0,501.0,176.0,sx_hand
104.0,305.0,198.0,neck
104.0,258.0,197.0,dx_shoulder
104.0,178.0,199.0,dx_elbow
104.0,103.0,193.0,dx_hand
104.0,348.0,193.0,sx_shoulder
104.0,428.0,192.0,sx_elbow
104.0,506.0,183.0,sx_hand
105.0,296.3333333333333,194.66666666666666,neck
105.0,254.0,196.33333333333334,dx_shoulder
105.0,191.66666666666666,194.0,dx_elbow
105.0,94.33333333333333,187.33333333333334,dx_hand
105.0,340.0,192.0,sx_shoulder
105.0,424.0,180.33333333333334,sx_elbow
105.0,505.6666666666667,170.66666666666666,sx_hand
106.0,294.0,194.25,neck
106.0,253.0,194.25,dx_shoulder
106.0,179.25,193.25,dx_elbow
106.0,89.75,192.5,dx_hand
106.0,339.5,192.5,sx_shoulder
106.0,420.0,183.75,sx_elbow
106.0,503.75,181.0,sx_hand
107.0,293.4,195.4,neck
107.0,252.6,196.4,dx_shoulder
107.0,177.8,201.2,dx_elbow
107.0,88.6,206.0,dx_hand
107.0,337.8,193.8,sx_shoulder
107.0,420.2,189.0,sx_elbow
107.0,504.6,191.2,sx_hand
108.0,294.0,197.2,neck
108.0,252.0,199.2,dx_shoulder
108.0,169.2,207.8,dx_elbow
108.0,90.8,220.4,dx_hand
108.0,337.6,195.6,sx_shoulder
108.0,417.4,195.2,sx_elbow
108.0,500.8,202.2,sx_hand
109.0,293.6,199.4,neck
109.0,249.2,200.4,dx_shoulder
109.0,180.8,249.4,dx_elbow
109.0,117.0,291.6,dx_hand
109.0,338.4,197.0,sx_shoulder
109.0,404.4,232.0,sx_elbow
109.0,475.8,267.2,sx_hand
110.0,294.25,199.5,neck
110.0,251.75,200.75,dx_shoulder
110.0,184.25,253.25,dx_elbow
110.0,125.75,304.25,dx_hand
110.0,341.25,197.25,sx_shoulder
110.0,404.25,239.5,sx_elbow
110.0,470.5,279.75,sx_hand
111.0,294.0,200.2,neck
111.0,248.8,201.4,dx_shoulder
111.0,194.4,260.4,dx_elbow
111.0,141.8,314.2,dx_hand
111.0,339.0,198.6,sx_shoulder
111.0,395.2,247.4,sx_elbow
111.0,461.0,295.8,sx_hand
112.0,293.75,201.75,neck
112.0,250.0,202.0,dx_shoulder
112.0,201.25,269.5,dx_elbow
112.0,152.25,329.75,dx_hand
112.0,339.75,199.25,sx_shoulder
112.0,393.25,256.0,sx_elbow
112.0,450.5,311.5,sx_hand
113.0,292.8,201.6,neck
113.0,248.2,202.8,dx_shoulder
113.0,204.2,271.8,dx_elbow
113.0,161.6,332.4,dx_hand
113.0,338.0,200.0,sx_shoulder
113.0,387.6,262.4,sx_elbow
113.0,437.2,317.6,sx_hand
114.0,293.8,201.6,neck
114.0,248.8,203.2,dx_shoulder
114.0,212.8,274.2,dx_elbow
114.0,177.0,341.2,dx_hand
114.0,338.2,200.2,sx_shoulder
114.0,381.6,268.0,sx_elbow
114.0,424.0,328.0,sx_hand
115.0,293.8,202.0,neck
115.0,248.4,203.0,dx_shoulder
115.0,218.0,278.2,dx_elbow
115.0,187.8,347.0,dx_hand
115.0,339.4,200.0,sx_shoulder
115.0,374.8,272.2,sx_elbow
115.0,410.0,337.6,sx_hand
116.0,293.6,203.0,neck
116.0,247.6,204.8,dx_shoulder
116.0,221.8,280.6,dx_elbow
116.0,198.4,348.8,dx_hand
116.0,339.0,201.6,sx_shoulder
116.0,371.0,278.0,sx_elbow
116.0,399.0,342.2,sx_hand
117.0,293.6,202.6,neck
117.0,246.6,204.2,dx_shoulder
117.0,229.2,282.0,dx_elbow
117.0,207.4,351.4,dx_hand
117.0,338.8,201.6,sx_shoulder
117.0,362.6,278.8,sx_elbow
117.0,387.2,346.2,sx_hand
118.0,293.6,203.2,neck
118.0,247.0,204.2,dx_shoulder
118.0,233.8,283.6,dx_elbow
118.0,215.6,356.8,dx_hand
118.0,338.4,200.8,sx_shoulder
118.0,359.2,279.8,sx_elbow
118.0,380.0,348.2,sx_hand
119.0,294.5,203.5,neck
119.0,248.5,205.25,dx_shoulder
119.0,238.5,287.25,dx_elbow
119.0,224.0,357.5,dx_hand
119.0,340.5,202.0,sx_shoulder
119.0,357.25,277.0,sx_elbow
119.0,371.5,349.5,sx_hand
120.0,294.25,203.5,neck
120.0,248.5,205.75,dx_shoulder
120.0,239.0,288.0,dx_elbow
120.0,225.25,358.5,dx_hand
120.0,341.0,200.5,sx_shoulder
120.0,356.0,276.25,sx_elbow
120.0,366.0,349.0,sx_hand
121.0,293.5,204.0,neck
121.0,248.0,205.0,dx_shoulder
121.0,240.5,288.5,dx_elbow
121.0,227.0,354.0,dx_hand
121.0,343.0,202.0,sx_shoulder
121.0,354.0,276.0,sx_elbow
121.0,366.5,347.5,sx_hand
122.0,293.3333333333333,203.0,neck
122.0,246.66666666666666,204.0,dx_shoulder
122.0,240.0,286.3333333333333,dx_elbow
122.0,230.66666666666666,354.0,dx_hand
122.0,340.0,200.0,sx_shoulder
122.0,353.6666666666667,275.0,sx_elbow
122.0,363.0,343.0,sx_hand
123.0,295.0,203.0,neck
123.0,248.33333333333334,205.0,dx_shoulder
123.0,240.33333333333334,287.3333333333333,dx_elbow
123.0,232.66666666666666,354.0,dx_hand
123.0,340.6666666666667,200.66666666666666,sx_shoulder
123.0,354.6666666666667,274.6666666666667,sx_elbow
123.0,362.3333333333333,346.3333333333333,sx_hand
124.0,298.0,200.0,neck
124.0,254.0,202.0,dx_shoulder
124.0,243.0,285.0,dx_elbow
124.0,241.0,354.0,dx_hand
124.0,349.0,200.0,sx_shoulder
124.0,356.0,272.0,sx_elbow
124.0,369.0,345.0,sx_hand
